{
  "Total" : {
    "transaction" : "Total",
    "sampleCount" : 328,
    "errorCount" : 201,
    "errorPct" : 61.280487,
    "meanResTime" : 6158.771341463413,
    "medianResTime" : 371.0,
    "minResTime" : 1.0,
    "maxResTime" : 88459.0,
    "pct1ResTime" : 30044.70000000001,
    "pct2ResTime" : 46345.95000000003,
    "pct3ResTime" : 70682.03999999994,
    "throughput" : 2.8691643558813498,
    "receivedKBytesPerSec" : 42.24851177133722,
    "sentKBytesPerSec" : 0.4076107755491213
  },
  "HelpDoc" : {
    "transaction" : "HelpDoc",
    "sampleCount" : 100,
    "errorCount" : 100,
    "errorPct" : 100.0,
    "meanResTime" : 474.6499999999999,
    "medianResTime" : 264.0,
    "minResTime" : 1.0,
    "maxResTime" : 7425.0,
    "pct1ResTime" : 863.7000000000002,
    "pct2ResTime" : 1203.35,
    "pct3ResTime" : 7392.889999999983,
    "throughput" : 0.9951337957388371,
    "receivedKBytesPerSec" : 2.3402262156803233,
    "sentKBytesPerSec" : 0.16479959871229685
  },
  "Notices" : {
    "transaction" : "Notices",
    "sampleCount" : 100,
    "errorCount" : 100,
    "errorPct" : 100.0,
    "meanResTime" : 19252.160000000003,
    "medianResTime" : 2205.0,
    "minResTime" : 416.0,
    "maxResTime" : 88459.0,
    "pct1ResTime" : 56773.90000000002,
    "pct2ResTime" : 63901.59999999996,
    "pct3ResTime" : 88314.10999999993,
    "throughput" : 0.8770545001666403,
    "receivedKBytesPerSec" : 38.88123921497044,
    "sentKBytesPerSec" : 0.11819679787401989
  },
  "HelpDoc-1" : {
    "transaction" : "HelpDoc-1",
    "sampleCount" : 64,
    "errorCount" : 1,
    "errorPct" : 1.5625,
    "meanResTime" : 287.53125000000006,
    "medianResTime" : 204.5,
    "minResTime" : 1.0,
    "maxResTime" : 2771.0,
    "pct1ResTime" : 376.5,
    "pct2ResTime" : 552.5,
    "pct3ResTime" : 2771.0,
    "throughput" : 0.6876913984849299,
    "receivedKBytesPerSec" : 1.209871376860259,
    "sentKBytesPerSec" : 0.08594043813463709
  },
  "HelpDoc-0" : {
    "transaction" : "HelpDoc-0",
    "sampleCount" : 64,
    "errorCount" : 0,
    "errorPct" : 0.0,
    "meanResTime" : 453.03125000000006,
    "medianResTime" : 263.5,
    "minResTime" : 94.0,
    "maxResTime" : 7423.0,
    "pct1ResTime" : 884.0,
    "pct2ResTime" : 1093.5,
    "pct3ResTime" : 7423.0,
    "throughput" : 0.6376788489896775,
    "receivedKBytesPerSec" : 0.4870552439121597,
    "sentKBytesPerSec" : 0.08531445538240803
  }
}